Region,City,Type,Month of Period End,Median Sale Price,Median Sale Price YoY ,Homes Sold,New Listings,New Listings YoY ,Inventory,Days on Market,Average Sale To List,Average Sale To List YoY 
NH,Dover,Home,2/1/2018,335000,0.06,12,31,0.82,93,79,1.01,0.02
NH,Dover,Home,3/1/2018,335000,0.03,31,41,-0.20,92,105,0.99,-0.02
NH,Dover,Home,4/1/2018,365000,0.23,33,42,0.08,97,59,0.99,0.00
NH,Dover,Home,5/1/2018,339000,0.08,33,44,-0.25,100,49,0.99,0.01
NH,Dover,Home,6/1/2018,319950,-0.01,36,48,0.26,113,44,1.01,0.01
NH,Dover,Home,7/1/2018,335000,-0.01,40,48,0.85,124,53,0.99,0.00
NH,Dover,Home,8/1/2018,302000,-0.05,37,46,0.10,119,59,0.99,-0.01
NH,Dover,Home,9/1/2018,326000,0.10,39,37,-0.05,118,58,1.00,0.03
NH,Dover,Home,10/1/2018,305000,0.02,31,27,-0.27,105,64,0.97,-0.02
NH,Dover,Home,11/1/2018,292867,0.03,22,20,-0.09,87,71,0.98,-0.02
NH,Dover,Home,12/1/2018,367000,-0.09,23,15,0.50,72,63,0.99,0.00
NH,Dover,Home,1/1/2019,357500,0.00,12,21,-0.28,74,88,0.99,0.00
NH,Dover,Home,2/1/2019,342000,0.02,20,25,-0.19,68,81,0.97,-0.04
NH,Dover,Home,3/1/2019,326000,-0.03,25,35,-0.15,75,56,0.99,0.00
NH,Dover,Home,4/1/2019,318000,-0.13,19,46,0.10,86,64,0.97,-0.02
NH,Dover,Home,5/1/2019,384967,0.14,36,41,-0.07,96,32,1.00,0.01
NH,Dover,Home,6/1/2019,333494,0.04,28,48,0.00,106,43,0.99,-0.01
NH,Dover,Home,7/1/2019,340000,0.01,50,49,0.02,108,50,0.99,0.00
NH,Dover,Home,8/1/2019,322500,0.07,34,42,-0.09,115,50,0.99,0.00
NH,Dover,Home,9/1/2019,345967,0.06,32,48,0.30,124,70,0.99,-0.01
NH,Dover,Home,10/1/2019,317500,0.04,32,26,-0.04,99,66,0.99,0.02
NH,Dover,Home,11/1/2019,343000,0.17,38,23,0.15,78,66,0.98,0.00
NH,Dover,Home,12/1/2019,300000,-0.18,25,14,-0.07,69,50,0.98,0.00
NH,Dover,Home,1/1/2020,330000,-0.08,16,27,0.29,67,59,0.98,0.00
NH,Dover,Home,2/1/2020,310000,-0.09,19,18,-0.28,59,50,1.00,0.03
NH,Dover,Home,3/1/2020,389933,0.20,29,32,-0.09,58,49,0.99,0.00
NH,Dover,Home,4/1/2020,394500,0.24,30,30,-0.35,62,45,0.99,0.01
NH,Dover,Home,5/1/2020,327500,-0.15,24,48,0.17,80,45,0.99,-0.01
NH,Dover,Home,6/1/2020,389000,0.17,39,41,-0.15,70,46,1.00,0.00
NH,Dover,Home,7/1/2020,368000,0.08,41,39,-0.20,66,46,1.00,0.01
NH,Dover,Home,8/1/2020,422467,0.31,38,44,0.05,70,43,1.01,0.02
NH,Dover,Home,9/1/2020,345000,0.00,38,30,-0.38,64,41,1.01,0.02
NH,Dover,Home,10/1/2020,347500,0.09,36,36,0.38,57,57,1.00,0.01
NH,Dover,Home,11/1/2020,431767,0.26,30,27,0.17,48,42,1.01,0.03
NH,Dover,Home,12/1/2020,369500,0.23,38,19,0.36,38,25,1.01,0.02
NH,Dover,Home,1/1/2021,358750,0.09,16,18,-0.33,40,63,1.00,0.02
NH,Dover,Home,2/1/2021,385000,0.24,23,30,0.67,32,51,1.03,0.03
NH,Dover,Home,3/1/2021,410000,0.05,16,32,0.00,43,28,1.01,0.01
NH,Dover,Home,4/1/2021,365500,-0.07,30,39,0.30,43,7,1.04,0.06
NH,Dover,Home,5/1/2021,425000,0.30,37,27,-0.44,34,8,1.03,0.04
NH,Dover,Home,6/1/2021,406533,0.05,33,51,0.24,54,13,1.04,0.04
NH,Dover,Home,7/1/2021,404267,0.10,32,43,0.10,57,20,1.03,0.03
NH,Dover,Home,8/1/2021,420000,-0.01,43,30,-0.32,50,22,1.02,0.01
NH,Dover,Home,9/1/2021,475000,0.38,33,29,-0.03,45,45,1.01,0.00
NH,Dover,Home,10/1/2021,402500,0.16,17,26,-0.28,50,23,1.04,0.04
NH,Dover,Home,11/1/2021,475800,0.10,27,25,-0.07,43,43,1.01,0.00
NH,Dover,Home,12/1/2021,500000,0.35,29,7,-0.63,26,50,1.01,0.00
NH,Dover,Home,1/1/2022,395000,0.10,17,19,0.06,27,34,1.03,0.02
NH,Dover,Home,2/1/2022,431467,0.12,14,10,-0.67,18,39,1.01,-0.01
NH,Dover,Home,3/1/2022,543500,0.33,20,24,-0.25,18,15,1.03,0.02
NH,Dover,Home,4/1/2022,500000,0.37,19,33,-0.15,26,30,1.03,-0.01
NH,Dover,Home,5/1/2022,445000,0.05,29,38,0.41,40,6,1.06,0.03
NH,Dover,Home,6/1/2022,495000,0.22,28,34,-0.33,43,35,1.04,0.00
NH,Dover,Home,7/1/2022,512500,0.27,26,31,-0.28,49,16,1.05,0.02
NH,Dover,Home,8/1/2022,473467,0.13,20,31,0.03,60,38,1.02,0.00
NH,Dover,Home,9/1/2022,450000,-0.05,32,29,0.00,56,40,1.00,-0.02
NH,Dover,Home,10/1/2022,405000,0.01,21,21,-0.19,55,50,1.00,-0.04
NH,Dover,Home,11/1/2022,480000,0.01,21,16,-0.36,44,43,1.01,-0.01
NH,Dover,Home,12/1/2022,430000,-0.14,19,7,0.00,35,59,0.99,-0.02
NH,Dover,Home,1/1/2023,499000,0.26,13,8,-0.58,30,85,0.98,-0.04
NH,Dover,Home,2/1/2023,574500,0.33,6,12,0.20,32,38,1.00,-0.02
NH,Dover,Home,3/1/2023,460000,-0.15,14,8,-0.67,25,56,1.01,-0.02
NH,Dover,Home,4/1/2023,540000,0.08,13,19,-0.42,32,42,1.01,-0.02
NH,Hampton,Home,2/1/2018,430000,0.48,3,10,-0.09,36,141,0.98,0.01
NH,Hampton,Home,3/1/2018,377000,-0.01,6,17,-0.29,45,97,0.97,-0.02
NH,Hampton,Home,4/1/2018,366750,-0.04,8,23,0.21,49,78,0.98,-0.02
NH,Hampton,Home,5/1/2018,284500,-0.09,16,29,0.07,58,55,0.97,0.02
NH,Hampton,Home,6/1/2018,400000,0.04,17,22,-0.08,65,25,0.99,-0.01
NH,Hampton,Home,7/1/2018,415000,-0.03,14,14,-0.36,58,54,0.99,0.01
NH,Hampton,Home,8/1/2018,428267,0.03,18,22,0.38,62,86,0.98,-0.01
NH,Hampton,Home,9/1/2018,370000,-0.05,18,22,0.29,65,71,1.00,0.03
NH,Hampton,Home,10/1/2018,407500,0.11,16,21,0.91,66,59,0.95,-0.01
NH,Hampton,Home,11/1/2018,361500,-0.03,20,6,-0.33,46,83,0.98,-0.01
NH,Hampton,Home,12/1/2018,390050,-0.06,12,8,1.67,38,41,0.99,0.01
NH,Hampton,Home,1/1/2019,559000,0.38,15,11,0.22,37,97,0.97,0.01
NH,Hampton,Home,2/1/2019,370000,-0.14,5,12,0.20,37,119,1.00,0.01
NH,Hampton,Home,3/1/2019,347000,-0.08,13,15,-0.12,39,82,0.98,0.02
NH,Hampton,Home,4/1/2019,410000,0.12,13,23,0.00,46,46,0.99,0.01
NH,Hampton,Home,5/1/2019,475000,0.67,21,31,0.07,54,77,0.97,0.00
NH,Hampton,Home,6/1/2019,435000,0.09,25,25,0.14,54,40,1.00,0.00
NH,Hampton,Home,7/1/2019,418000,0.01,13,20,0.43,57,51,0.99,0.00
NH,Hampton,Home,8/1/2019,524967,0.23,14,15,-0.32,54,69,0.98,0.01
NH,Hampton,Home,9/1/2019,434717,0.17,12,22,0.00,64,44,1.00,0.00
NH,Hampton,Home,10/1/2019,339000,-0.17,9,15,-0.29,62,70,0.98,0.04
NH,Hampton,Home,11/1/2019,525000,0.45,20,9,0.50,43,74,0.97,-0.01
NH,Hampton,Home,12/1/2019,409000,0.05,21,3,-0.63,31,81,0.98,-0.01
NH,Hampton,Home,1/1/2020,403167,-0.28,8,13,0.18,30,72,0.94,-0.02
NH,Hampton,Home,2/1/2020,561500,0.52,8,10,-0.17,28,75,1.01,0.02
NH,Hampton,Home,3/1/2020,510533,0.47,9,16,0.07,30,49,1.00,0.02
NH,Hampton,Home,4/1/2020,374467,-0.09,12,24,0.04,40,59,0.99,0.00
NH,Hampton,Home,5/1/2020,380000,-0.20,11,27,-0.13,52,47,1.02,0.05
NH,Hampton,Home,6/1/2020,483767,0.11,16,19,-0.24,48,43,0.97,-0.03
NH,Hampton,Home,7/1/2020,455400,0.09,22,14,-0.30,42,58,0.99,0.00
NH,Hampton,Home,8/1/2020,469967,-0.10,24,12,-0.20,34,71,1.00,0.02
NH,Hampton,Home,9/1/2020,630000,0.45,23,21,-0.05,34,52,1.00,0.00
NH,Hampton,Home,10/1/2020,516533,0.52,11,14,-0.07,33,46,1.00,0.02
NH,Hampton,Home,11/1/2020,475000,-0.10,13,15,0.67,34,44,1.00,0.03
NH,Hampton,Home,12/1/2020,436000,0.07,23,5,0.67,24,41,0.97,-0.01
NH,Hampton,Home,1/1/2021,599000,0.49,9,1,-0.92,16,59,0.97,0.03
NH,Hampton,Home,2/1/2021,472950,-0.16,6,6,-0.40,15,71,1.01,-0.01
NH,Hampton,Home,3/1/2021,472000,-0.08,8,6,-0.63,9,83,0.97,-0.03
NH,Hampton,Home,4/1/2021,338500,-0.10,4,9,-0.63,11,13,1.08,0.09
NH,Hampton,Home,5/1/2021,540000,0.42,10,20,-0.26,16,34,1.00,-0.02
NH,Hampton,Home,6/1/2021,571500,0.18,16,16,-0.16,14,26,1.04,0.08
NH,Hampton,Home,7/1/2021,687500,0.51,14,18,0.29,24,15,1.07,0.08
NH,Hampton,Home,8/1/2021,450000,-0.04,18,24,1.00,27,49,1.01,0.01
NH,Hampton,Home,9/1/2021,605500,-0.04,22,10,-0.52,17,14,1.05,0.05
NH,Hampton,Home,10/1/2021,449933,-0.13,16,10,-0.29,13,35,1.01,0.01
NH,Hampton,Home,11/1/2021,650000,0.37,11,12,-0.20,17,34,1.02,0.03
NH,Hampton,Home,12/1/2021,428000,-0.02,6,6,0.20,15,40,0.98,0.01
NH,Hampton,Home,1/1/2022,600000,0.00,9,7,6.00,12,46,1.05,0.08
NH,Hampton,Home,2/1/2022,558000,0.18,5,6,0.00,8,56,1.00,-0.01
NH,Hampton,Home,3/1/2022,555000,0.18,8,11,0.83,11,7,1.07,0.10
NH,Hampton,Home,4/1/2022,950000,1.81,3,13,0.44,18,6,1.02,-0.06
NH,Hampton,Home,5/1/2022,550500,0.02,20,15,-0.25,17,22,1.02,0.02
NH,Hampton,Home,6/1/2022,635000,0.11,8,21,0.31,28,19,1.04,-0.01
NH,Hampton,Home,7/1/2022,575000,-0.16,13,12,-0.33,29,38,1.03,-0.04
NH,Hampton,Home,8/1/2022,585000,0.30,13,11,-0.54,20,53,1.00,-0.02
NH,Hampton,Home,9/1/2022,502000,-0.17,11,12,0.20,21,33,1.00,-0.05
NH,Hampton,Home,10/1/2022,580000,0.29,13,8,-0.20,16,13,0.99,-0.02
NH,Hampton,Home,11/1/2022,556000,-0.14,7,9,-0.25,19,37,0.99,-0.04
NH,Hampton,Home,12/1/2022,571267,0.33,6,3,-0.50,12,48,0.97,-0.02
NH,Hampton,Home,1/1/2023,490000,-0.18,5,3,-0.57,8,41,0.97,-0.08
NH,Hampton,Home,2/1/2023,615000,0.10,6,4,-0.33,9,60,0.98,-0.02
NH,Hampton,Home,3/1/2023,717467,0.29,6,9,-0.18,10,14,0.97,-0.10
NH,Hampton,Home,4/1/2023,825000,-0.13,3,11,-0.15,13,26,1.06,0.04
NH,Manchester,Home,2/1/2018,220050,0.02,58,62,-0.17,144,71,0.98,-0.01
NH,Manchester,Home,3/1/2018,236133,0.04,81,85,-0.33,148,64,1.00,0.02
NH,Manchester,Home,4/1/2018,237000,0.09,81,130,0.21,179,46,1.01,0.01
NH,Manchester,Home,5/1/2018,240000,0.00,83,137,-0.17,214,38,1.01,0.01
NH,Manchester,Home,6/1/2018,247000,0.00,105,133,0.02,228,40,1.00,0.01
NH,Manchester,Home,7/1/2018,249933,0.05,117,95,-0.23,212,47,1.01,0.01
NH,Manchester,Home,8/1/2018,247267,0.06,86,117,0.07,239,47,1.01,0.01
NH,Manchester,Home,9/1/2018,264900,0.17,99,105,0.04,227,50,0.99,0.00
NH,Manchester,Home,10/1/2018,240967,0.01,96,94,0.18,221,47,0.99,-0.01
NH,Manchester,Home,11/1/2018,246750,0.06,82,55,-0.13,175,43,1.00,0.01
NH,Manchester,Home,12/1/2018,249000,0.02,73,32,-0.26,130,58,0.99,0.00
NH,Manchester,Home,1/1/2019,247250,0.05,42,52,-0.02,118,59,0.99,0.01
NH,Manchester,Home,2/1/2019,260000,0.18,51,65,0.05,116,56,0.99,0.01
NH,Manchester,Home,3/1/2019,252000,0.07,56,79,-0.07,111,37,1.00,0.01
NH,Manchester,Home,4/1/2019,246000,0.04,73,87,-0.33,116,38,1.00,-0.01
NH,Manchester,Home,5/1/2019,255000,0.06,81,150,0.09,166,37,1.01,0.00
NH,Manchester,Home,6/1/2019,275267,0.11,90,105,-0.21,166,26,1.02,0.01
NH,Manchester,Home,7/1/2019,271000,0.08,135,103,0.08,159,28,1.00,-0.01
NH,Manchester,Home,8/1/2019,270000,0.09,95,104,-0.11,160,38,1.00,-0.01
NH,Manchester,Home,9/1/2019,258000,-0.03,85,104,-0.01,172,42,1.01,0.01
NH,Manchester,Home,10/1/2019,276000,0.15,91,98,0.04,174,35,1.00,0.01
NH,Manchester,Home,11/1/2019,272450,0.10,84,54,-0.02,145,34,1.00,0.01
NH,Manchester,Home,12/1/2019,260000,0.04,81,38,0.19,99,45,1.00,0.01
NH,Manchester,Home,1/1/2020,268733,0.09,59,55,0.06,94,51,1.01,0.01
NH,Manchester,Home,2/1/2020,270000,0.04,45,62,-0.05,97,36,1.01,0.01
NH,Manchester,Home,3/1/2020,269000,0.07,63,78,-0.01,110,31,1.02,0.02
NH,Manchester,Home,4/1/2020,289600,0.18,56,58,-0.33,97,38,1.02,0.02
NH,Manchester,Home,5/1/2020,278500,0.09,64,115,-0.23,124,36,1.00,-0.01
NH,Manchester,Home,6/1/2020,284500,0.03,96,85,-0.19,106,29,1.01,0.00
NH,Manchester,Home,7/1/2020,292500,0.08,110,126,0.22,118,14,1.02,0.02
NH,Manchester,Home,8/1/2020,297000,0.10,91,116,0.12,125,30,1.03,0.03
NH,Manchester,Home,9/1/2020,300000,0.16,120,113,0.09,128,23,1.03,0.02
NH,Manchester,Home,10/1/2020,300000,0.09,101,116,0.18,122,26,1.03,0.03
NH,Manchester,Home,11/1/2020,308000,0.13,105,70,0.30,93,24,1.03,0.02
NH,Manchester,Home,12/1/2020,290000,0.12,102,37,-0.03,55,30,1.02,0.02
NH,Manchester,Home,1/1/2021,325000,0.21,65,53,-0.04,49,33,1.03,0.02
NH,Manchester,Home,2/1/2021,315000,0.17,50,41,-0.34,42,12,1.03,0.02
NH,Manchester,Home,3/1/2021,300000,0.12,53,82,0.05,50,15,1.05,0.02
NH,Manchester,Home,4/1/2021,340000,0.17,56,75,0.29,53,7,1.06,0.04
NH,Manchester,Home,5/1/2021,356000,0.28,59,100,-0.13,75,7,1.07,0.07
NH,Manchester,Home,6/1/2021,345000,0.21,87,142,0.67,108,6,1.08,0.06
NH,Manchester,Home,7/1/2021,349967,0.20,110,119,-0.06,124,10,1.06,0.05
NH,Manchester,Home,8/1/2021,356267,0.20,118,109,-0.06,110,15,1.06,0.02
NH,Manchester,Home,9/1/2021,330000,0.10,106,94,-0.17,101,25,1.04,0.01
NH,Manchester,Home,10/1/2021,345000,0.15,97,87,-0.25,92,17,1.05,0.03
NH,Manchester,Home,11/1/2021,336500,0.09,90,64,-0.09,76,21,1.02,0.00
NH,Manchester,Home,12/1/2021,350000,0.21,89,32,-0.14,46,29,1.03,0.02
NH,Manchester,Home,1/1/2022,375000,0.15,45,39,-0.26,34,26,1.03,0.00
NH,Manchester,Home,2/1/2022,317500,0.01,30,55,0.34,44,7,1.02,-0.01
NH,Manchester,Home,3/1/2022,370000,0.23,51,86,0.05,62,6,1.07,0.02
NH,Manchester,Home,4/1/2022,382500,0.13,70,87,0.16,61,7,1.06,0.00
NH,Manchester,Home,5/1/2022,360000,0.01,63,99,-0.01,71,7,1.07,0.01
NH,Manchester,Home,6/1/2022,399000,0.16,97,105,-0.26,89,8,1.06,-0.02
NH,Manchester,Home,7/1/2022,391000,0.12,90,92,-0.23,106,8,1.05,-0.02
NH,Manchester,Home,8/1/2022,398717,0.12,90,72,-0.34,85,18,1.04,-0.02
NH,Manchester,Home,9/1/2022,412000,0.25,93,78,-0.17,85,28,1.02,-0.02
NH,Manchester,Home,10/1/2022,375000,0.09,62,79,-0.09,94,23,1.00,-0.05
NH,Manchester,Home,11/1/2022,360000,0.07,53,48,-0.25,82,12,1.01,-0.01
NH,Manchester,Home,12/1/2022,390450,0.12,68,27,-0.16,47,35,1.00,-0.03
NH,Manchester,Home,1/1/2023,360000,-0.04,39,38,-0.03,44,36,1.01,-0.02
NH,Manchester,Home,2/1/2023,405000,0.28,31,31,-0.44,38,19,1.01,0.00
NH,Manchester,Home,3/1/2023,397000,0.07,45,52,-0.40,46,19,1.03,-0.04
NH,Manchester,Home,4/1/2023,380000,-0.01,55,41,-0.53,49,22,1.06,0.00
NH,Portsmouth,Home,2/1/2018,455000,-0.19,5,10,0.43,31,109,0.95,-0.03
NH,Portsmouth,Home,3/1/2018,569000,-0.07,15,19,-0.14,34,109,0.99,0.00
NH,Portsmouth,Home,4/1/2018,550000,0.43,7,31,0.24,55,76,0.98,-0.01
NH,Portsmouth,Home,5/1/2018,537500,0.32,16,19,-0.37,56,52,0.96,-0.02
NH,Portsmouth,Home,6/1/2018,421650,0.02,14,30,1.31,61,64,0.98,0.00
NH,Portsmouth,Home,7/1/2018,440967,-0.05,16,18,-0.14,63,56,0.97,0.03
NH,Portsmouth,Home,8/1/2018,522000,0.10,26,22,0.69,59,93,0.98,-0.01
NH,Portsmouth,Home,9/1/2018,537467,-0.17,12,14,-0.46,59,66,0.98,0.02
NH,Portsmouth,Home,10/1/2018,433500,-0.10,12,18,0.00,66,87,0.96,-0.01
NH,Portsmouth,Home,11/1/2018,560000,-0.02,15,9,-0.25,52,63,0.98,0.01
NH,Portsmouth,Home,12/1/2018,519000,0.07,9,2,-0.60,39,57,0.98,0.01
NH,Portsmouth,Home,1/1/2019,585000,-0.08,9,10,0.43,39,96,0.98,0.01
NH,Portsmouth,Home,2/1/2019,398000,-0.13,11,9,-0.10,34,127,0.96,0.01
NH,Portsmouth,Home,3/1/2019,520000,-0.09,9,16,-0.16,39,62,0.97,-0.02
NH,Portsmouth,Home,4/1/2019,566000,0.03,15,21,-0.32,40,49,0.99,0.01
NH,Portsmouth,Home,5/1/2019,562500,0.05,18,31,0.63,49,54,0.97,0.01
NH,Portsmouth,Home,6/1/2019,485000,0.15,19,30,0.00,59,33,1.00,0.01
NH,Portsmouth,Home,7/1/2019,509533,0.16,19,31,0.72,67,42,0.98,0.01
NH,Portsmouth,Home,8/1/2019,471767,-0.10,18,16,-0.27,62,43,0.96,-0.01
NH,Portsmouth,Home,9/1/2019,484900,-0.10,17,24,0.71,70,41,0.98,0.00
NH,Portsmouth,Home,10/1/2019,485000,0.12,15,10,-0.44,58,92,0.96,0.00
NH,Portsmouth,Home,11/1/2019,521000,-0.07,15,11,0.22,45,56,0.99,0.01
NH,Portsmouth,Home,12/1/2019,414967,-0.20,14,5,1.50,37,95,0.96,-0.02
NH,Portsmouth,Home,1/1/2020,689500,0.18,10,14,0.40,34,109,0.96,-0.02
NH,Portsmouth,Home,2/1/2020,473767,0.19,6,12,0.33,37,104,0.99,0.03
NH,Portsmouth,Home,3/1/2020,485000,-0.07,18,25,0.56,44,95,0.97,0.00
NH,Portsmouth,Home,4/1/2020,659000,0.16,7,8,-0.62,42,35,0.99,0.00
NH,Portsmouth,Home,5/1/2020,505333,-0.10,11,25,-0.19,50,80,0.96,-0.01
NH,Portsmouth,Home,6/1/2020,618767,0.28,18,24,-0.20,47,39,0.99,-0.01
NH,Portsmouth,Home,7/1/2020,652500,0.28,20,23,-0.26,49,64,0.99,0.01
NH,Portsmouth,Home,8/1/2020,519000,0.10,23,14,-0.13,40,71,0.98,0.02
NH,Portsmouth,Home,9/1/2020,650000,0.34,21,24,0.00,44,50,0.99,0.01
NH,Portsmouth,Home,10/1/2020,585000,0.21,19,31,2.10,47,57,0.99,0.03
NH,Portsmouth,Home,11/1/2020,505000,-0.03,26,12,0.09,35,51,0.98,-0.01
NH,Portsmouth,Home,12/1/2020,620000,0.49,24,6,0.20,15,66,0.99,0.02
NH,Portsmouth,Home,1/1/2021,547000,-0.21,11,11,-0.21,18,85,1.01,0.05
NH,Portsmouth,Home,2/1/2021,470000,-0.01,9,14,0.17,18,79,0.99,0.00
NH,Portsmouth,Home,3/1/2021,482000,-0.01,13,10,-0.60,13,37,1.03,0.06
NH,Portsmouth,Home,4/1/2021,670000,0.02,15,19,1.38,18,38,1.01,0.02
NH,Portsmouth,Home,5/1/2021,615000,0.22,14,16,-0.36,20,38,1.03,0.07
NH,Portsmouth,Home,6/1/2021,861000,0.39,14,30,0.25,28,23,1.01,0.02
NH,Portsmouth,Home,7/1/2021,677500,0.04,20,18,-0.22,31,7,1.02,0.03
NH,Portsmouth,Home,8/1/2021,714133,0.38,19,22,0.57,36,21,1.01,0.03
NH,Portsmouth,Home,9/1/2021,596500,-0.08,16,22,-0.08,38,52,0.96,-0.03
NH,Portsmouth,Home,10/1/2021,662450,0.13,18,7,-0.77,28,43,0.99,0.00
NH,Portsmouth,Home,11/1/2021,650000,0.29,17,9,-0.25,20,40,0.97,0.00
NH,Portsmouth,Home,12/1/2021,795000,0.28,14,8,0.33,16,53,0.98,-0.01
NH,Portsmouth,Home,1/1/2022,430000,-0.21,5,1,-0.91,9,81,0.90,-0.11
NH,Portsmouth,Home,2/1/2022,950000,1.02,5,9,-0.36,10,38,1.04,0.05
NH,Portsmouth,Home,3/1/2022,820000,0.70,13,24,1.40,18,49,1.01,-0.02
NH,Portsmouth,Home,4/1/2022,785000,0.17,11,20,0.05,24,25,1.06,0.05
NH,Portsmouth,Home,5/1/2022,719000,0.17,18,24,0.50,24,32,1.02,-0.01
NH,Portsmouth,Home,6/1/2022,725000,-0.16,13,25,-0.17,32,8,1.03,0.03
NH,Portsmouth,Home,7/1/2022,812500,0.20,14,24,0.33,41,8,1.02,-0.01
NH,Portsmouth,Home,8/1/2022,750000,0.05,21,17,-0.23,37,28,1.02,0.01
NH,Portsmouth,Home,9/1/2022,525000,-0.12,18,16,-0.27,37,46,0.97,0.02
NH,Portsmouth,Home,10/1/2022,687450,0.04,14,12,0.71,29,45,0.99,0.00
NH,Portsmouth,Home,11/1/2022,850000,0.31,17,9,0.00,22,52,0.99,0.01
NH,Portsmouth,Home,12/1/2022,755000,-0.05,10,4,-0.50,14,91,0.97,-0.01
NH,Portsmouth,Home,1/1/2023,610250,0.42,8,3,2.00,12,32,0.98,0.08
NH,Portsmouth,Home,2/1/2023,1650000,0.74,3,2,-0.78,8,102,0.93,-0.11
NH,Portsmouth,Home,3/1/2023,737467,-0.10,4,7,-0.71,7,73,0.97,-0.04
NH,Portsmouth,Home,4/1/2023,1112500,0.42,10,10,-0.50,9,39,0.98,-0.09
NH,Salem,Home,2/1/2018,361933,0.03,17,20,-0.39,47,53,0.98,-0.01
NH,Salem,Home,3/1/2018,371533,0.25,23,32,-0.22,54,82,0.98,-0.02
NH,Salem,Home,4/1/2018,339567,0.02,24,41,0.14,62,43,1.00,-0.01
NH,Salem,Home,5/1/2018,329900,-0.05,27,68,0.10,96,33,1.01,0.02
NH,Salem,Home,6/1/2018,352500,-0.02,46,45,0.10,98,31,0.99,0.00
NH,Salem,Home,7/1/2018,389933,0.05,35,37,-0.08,88,49,1.00,0.00
NH,Salem,Home,8/1/2018,375000,0.06,53,43,0.02,89,34,0.99,-0.01
NH,Salem,Home,9/1/2018,359000,-0.02,29,33,-0.08,86,24,1.00,0.01
NH,Salem,Home,10/1/2018,339000,-0.12,21,32,-0.06,83,50,0.98,0.00
NH,Salem,Home,11/1/2018,365000,0.00,31,29,-0.06,73,50,0.98,-0.01
NH,Salem,Home,12/1/2018,350000,0.06,27,4,-0.56,54,52,0.99,0.01
NH,Salem,Home,1/1/2019,392433,0.03,16,19,0.27,49,73,0.98,0.00
NH,Salem,Home,2/1/2019,312533,-0.14,11,26,0.30,49,60,0.98,0.01
NH,Salem,Home,3/1/2019,325617,-0.12,24,33,0.03,51,39,0.99,0.01
NH,Salem,Home,4/1/2019,379400,0.12,28,44,0.07,58,52,1.01,0.01
NH,Salem,Home,5/1/2019,380000,0.15,30,55,-0.19,83,34,0.99,-0.02
NH,Salem,Home,6/1/2019,400000,0.13,35,54,0.20,85,31,1.00,0.01
NH,Salem,Home,7/1/2019,339900,-0.13,45,47,0.27,83,34,0.99,0.00
NH,Salem,Home,8/1/2019,362000,-0.03,59,51,0.19,75,45,0.99,0.00
NH,Salem,Home,9/1/2019,378500,0.05,36,27,-0.18,60,24,1.01,0.01
NH,Salem,Home,10/1/2019,371767,0.10,48,26,-0.19,48,36,1.00,0.02
NH,Salem,Home,11/1/2019,373733,0.02,26,19,-0.34,45,34,1.00,0.02
NH,Salem,Home,12/1/2019,376000,0.07,24,10,1.50,30,64,1.00,0.01
NH,Salem,Home,1/1/2020,402500,0.03,10,21,0.11,34,64,0.98,0.00
NH,Salem,Home,2/1/2020,385000,0.23,11,19,-0.27,32,37,0.98,0.00
NH,Salem,Home,3/1/2020,381467,0.17,24,33,0.00,43,17,1.01,0.02
NH,Salem,Home,4/1/2020,419100,0.10,16,32,-0.27,48,41,1.00,0.00
NH,Salem,Home,5/1/2020,382000,0.01,25,38,-0.31,55,17,1.00,0.01
NH,Salem,Home,6/1/2020,380000,-0.05,40,41,-0.24,52,33,1.01,0.00
NH,Salem,Home,7/1/2020,395500,0.16,41,31,-0.34,40,29,1.02,0.02
NH,Salem,Home,8/1/2020,435967,0.20,40,37,-0.27,33,33,1.02,0.03
NH,Salem,Home,9/1/2020,450000,0.19,33,38,0.41,42,8,1.02,0.01
NH,Salem,Home,10/1/2020,410500,0.10,42,45,0.73,44,34,1.02,0.02
NH,Salem,Home,11/1/2020,420000,0.12,43,11,-0.42,24,17,1.04,0.04
NH,Salem,Home,12/1/2020,440000,0.17,23,14,0.40,16,44,1.03,0.03
NH,Salem,Home,1/1/2021,372500,-0.07,14,13,-0.38,12,13,1.02,0.04
NH,Salem,Home,2/1/2021,425000,0.10,17,13,-0.32,15,11,1.02,0.04
NH,Salem,Home,3/1/2021,400500,0.05,14,32,-0.03,22,22,1.03,0.02
NH,Salem,Home,4/1/2021,430000,0.03,21,38,0.19,22,9,1.06,0.06
NH,Salem,Home,5/1/2021,495000,0.30,31,51,0.34,43,7,1.04,0.04
NH,Salem,Home,6/1/2021,488000,0.28,37,45,0.10,49,10,1.06,0.05
NH,Salem,Home,7/1/2021,520000,0.31,43,35,0.13,35,23,1.03,0.02
NH,Salem,Home,8/1/2021,494500,0.13,48,38,0.03,38,8,1.03,0.01
NH,Salem,Home,9/1/2021,550000,0.22,28,39,0.03,44,31,1.01,-0.02
NH,Salem,Home,10/1/2021,485000,0.18,31,25,-0.44,34,8,1.02,0.00
NH,Salem,Home,11/1/2021,515000,0.23,38,18,0.64,22,30,1.02,-0.02
NH,Salem,Home,12/1/2021,540000,0.23,25,12,-0.14,17,10,1.03,0.01
NH,Salem,Home,1/1/2022,625000,0.68,12,17,0.31,17,28,1.04,0.02
NH,Salem,Home,2/1/2022,505000,0.19,11,20,0.54,19,20,1.03,0.01
NH,Salem,Home,3/1/2022,600000,0.50,23,29,-0.09,28,10,1.01,-0.01
NH,Salem,Home,4/1/2022,572500,0.33,22,34,-0.11,28,18,1.06,0.00
NH,Salem,Home,5/1/2022,531000,0.07,31,42,-0.18,32,7,1.09,0.05
NH,Salem,Home,6/1/2022,560000,0.15,32,43,-0.04,41,8,1.04,-0.02
NH,Salem,Home,7/1/2022,595000,0.14,32,38,0.09,48,10,1.03,0.00
NH,Salem,Home,8/1/2022,650000,0.31,36,21,-0.45,32,16,1.02,-0.01
NH,Salem,Home,9/1/2022,614967,0.12,32,25,-0.36,32,36,1.00,-0.01
NH,Salem,Home,10/1/2022,555000,0.14,24,26,0.04,40,21,1.00,-0.03
NH,Salem,Home,11/1/2022,577500,0.12,18,11,-0.39,31,20,1.00,-0.02
NH,Salem,Home,12/1/2022,525500,-0.03,18,17,0.42,25,42,1.01,-0.03
NH,Salem,Home,1/1/2023,480000,-0.23,15,14,-0.18,19,43,0.98,-0.06
NH,Salem,Home,2/1/2023,670000,0.33,17,15,-0.25,19,19,0.99,-0.04
NH,Salem,Home,3/1/2023,538767,-0.10,20,12,-0.59,9,51,0.99,-0.02
NH,Salem,Home,4/1/2023,624450,0.09,14,12,-0.65,11,10,1.02,-0.04
NH,Dover,Condo,2/1/2018,179900 ,0.06,5,8,3.00,11,83,0.99,0.02
NH,Dover,Condo,3/1/2018,131000 ,-0.48,3,3,-0.73,8,47,0.99,-0.01
NH,Dover,Condo,4/1/2018,251000 ,0.98,2,4,-0.43,7,196,0.94,-0.05
NH,Dover,Condo,5/1/2018,275000 ,0.39,7,12,0.09,10,51,0.96,-0.03
NH,Dover,Condo,6/1/2018,202000 ,0.26,7,9,0.50,15,20,0.99,0.03
NH,Dover,Condo,7/1/2018,175000 ,0.19,9,13,0.30,20,41,0.98,0.00
NH,Dover,Condo,8/1/2018,283500 ,0.83,6,5,0.67,18,14,0.99,0.03
NH,Dover,Condo,9/1/2018,130000 ,-0.56,3,5,0.67,19,18,0.94,-0.31
NH,Dover,Condo,10/1/2018,166000 ,0.12,11,3,0.50,12,83,0.99,-0.01
NH,Dover,Condo,11/1/2018,344000 ,-0.11,3,3,-0.40,11,125,0.98,0.03
NH,Dover,Condo,12/1/2018,180000 ,0.03,5,1,0.00,9,76,0.97,-0.05
NH,Dover,Condo,1/1/2019,269450 ,0.46,2,1,-0.50,8,137,1.00,0.06
NH,Dover,Condo,3/1/2019,95533 ,-0.27,5,4,0.33,4,74,0.96,-0.03
NH,Dover,Condo,4/1/2019,105500 ,-0.58,4,9,1.25,10,11,1.01,0.07
NH,Dover,Condo,5/1/2019,96000 ,-0.65,3,5,-0.58,11,5,0.98,0.02
NH,Dover,Condo,6/1/2019,197233 ,-0.02,8,7,-0.22,8,67,1.00,0.01
NH,Dover,Condo,7/1/2019,157900 ,-0.10,5,4,-0.69,8,35,1.01,0.03
NH,Dover,Condo,8/1/2019,161450 ,-0.43,4,8,0.60,13,26,0.99,0.00
NH,Dover,Condo,9/1/2019,230000 ,0.77,5,8,0.60,16,48,0.98,0.04
NH,Dover,Condo,10/1/2019,191250 ,0.15,4,5,0.67,14,63,0.97,-0.01
NH,Dover,Condo,11/1/2019,207500 ,-0.40,4,4,0.33,16,54,0.97,-0.01
NH,Dover,Condo,12/1/2019,190500 ,0.06,6,4,0.33,11,57,0.97,-0.01
NH,Dover,Condo,1/1/2020,210000 ,-0.22,5,3,2.00,9,65,0.98,-0.02
NH,Dover,Condo,2/1/2020,233000 ,-0.22,1,4,2.00,9,200,1.01,-0.02
NH,Dover,Condo,3/1/2020,191000 ,1.00,8,7,0.75,8,34,0.98,0.02
NH,Dover,Condo,4/1/2020,530000 ,4.02,3,2,-0.78,7,41,1.00,-0.01
NH,Dover,Condo,5/1/2020,113533 ,0.18,1,6,0.20,10,43,0.95,-0.03
NH,Dover,Condo,6/1/2020,225000 ,0.14,8,9,0.29,7,43,1.00,0.00
NH,Dover,Condo,7/1/2020,319933 ,1.03,7,7,0.75,8,44,1.00,-0.01
NH,Dover,Condo,8/1/2020,225000 ,0.39,9,4,-0.50,4,41,0.98,0.00
NH,Dover,Condo,9/1/2020,142767 ,-0.38,4,4,-0.50,4,46,0.96,-0.01
NH,Dover,Condo,10/1/2020,111000 ,-0.42,1,4,-0.20,5,12,1.01,0.04
NH,Dover,Condo,11/1/2020,218000 ,0.05,7,10,1.50,8,23,1.02,0.05
NH,Dover,Condo,12/1/2020,193500 ,0.02,4,3,1.50,7,6,0.99,0.03
NH,Dover,Condo,1/1/2021,135000 ,-0.36,7,4,0.33,5,54,1.00,0.02
NH,Dover,Condo,2/1/2021,155500 ,-0.33,6,1,-0.75,2,28,0.99,-0.02
NH,Dover,Condo,3/1/2021,196500 ,0.03,2,3,-0.57,2,68,0.98,-0.01
NH,Dover,Condo,4/1/2021,120000 ,-0.77,1,7,2.50,6,6,1.00,0.00
NH,Dover,Condo,5/1/2021,200000 ,0.76,4,7,0.17,9,23,1.00,0.05
NH,Dover,Condo,6/1/2021,172500 ,-0.23,6,4,-0.56,7,20,1.02,0.02
NH,Dover,Condo,7/1/2021,279900 ,-0.13,1,9,0.29,11,20,1.00,0.00
NH,Dover,Condo,8/1/2021,190000 ,-0.16,5,6,0.50,10,23,1.04,0.06
NH,Dover,Condo,9/1/2021,257000 ,0.80,10,5,0.25,8,40,1.02,0.06
NH,Dover,Condo,10/1/2021,253533 ,1.28,5,4,0.00,7,85,1.00,-0.01
NH,Dover,Condo,11/1/2021,136000 ,-0.38,5,3,-0.70,7,11,1.03,0.01
NH,Dover,Condo,12/1/2021,280000 ,0.45,5,2,-0.33,3,60,1.00,0.01
NH,Dover,Condo,1/1/2022,196000 ,0.45,2,3,-0.25,3,25,1.00,0.00
NH,Dover,Condo,2/1/2022,146000 ,-0.06,6,4,3.00,2,41,1.00,0.01
NH,Dover,Condo,3/1/2022,230000 ,0.17,2,3,0.00,2,26,1.10,0.12
NH,Dover,Condo,4/1/2022,205000 ,0.71,4,12,0.71,9,8,1.07,0.07
NH,Dover,Condo,5/1/2022,165000 ,-0.18,3,5,-0.29,10,51,1.04,0.03
NH,Dover,Condo,6/1/2022,157000 ,-0.09,3,8,1.00,12,6,1.02,0.00
NH,Dover,Condo,7/1/2022,267500 ,-0.04,4,4,-0.56,11,13,1.05,0.05
NH,Dover,Condo,8/1/2022,322500 ,0.70,4,3,-0.50,11,6,1.03,-0.01
NH,Dover,Condo,9/1/2022,159000 ,-0.38,5,4,-0.20,12,8,1.02,0.00
NH,Dover,Condo,10/1/2022,316000 ,0.25,3,7,0.75,16,9,1.02,0.02
NH,Dover,Condo,11/1/2022,270500 ,0.99,5,3,0.00,16,38,1.02,-0.01
NH,Dover,Condo,12/1/2022,411763 ,0.47,4,3,0.00,9,105,1.01,0.00
NH,Dover,Condo,1/1/2023,425000 ,1.17,3,7,1.33,15,120,1.03,0.03
NH,Dover,Condo,2/1/2023,158950 ,0.09,4,2,-0.50,14,34,1.01,0.01
NH,Dover,Condo,3/1/2023,288000 ,0.25,7,7,1.33,12,48,1.00,-0.10
NH,Dover,Condo,4/1/2023,437500 ,1.13,4,4,-0.67,10,3,1.04,-0.03
NH,Hampton,Condo,2/1/2018,255000 ,-0.03,9,11,-0.21,15,132,0.97,-0.02
NH,Hampton,Condo,3/1/2018,350000 ,0.59,3,11,-0.27,21,152,0.97,0.00
NH,Hampton,Condo,4/1/2018,323000 ,0.04,9,13,0.08,28,51,0.98,0.01
NH,Hampton,Condo,5/1/2018,212467 ,-0.01,10,8,0.60,23,65,0.98,-0.01
NH,Hampton,Condo,6/1/2018,317000 ,-0.26,9,10,-0.17,25,42,0.95,-0.02
NH,Hampton,Condo,7/1/2018,225000 ,-0.40,7,9,-0.18,29,20,0.96,0.01
NH,Hampton,Condo,8/1/2018,237500 ,1.35,4,10,-0.23,33,161,0.91,-0.07
NH,Hampton,Condo,9/1/2018,213500 ,-0.29,8,11,0.38,34,86,0.98,0.00
NH,Hampton,Condo,10/1/2018,235533 ,-0.29,9,14,1.33,38,68,0.98,0.01
NH,Hampton,Condo,11/1/2018,337500 ,0.30,6,2,-0.71,34,84,0.98,-0.01
NH,Hampton,Condo,12/1/2018,250000 ,-0.19,3,6,5.00,35,139,0.97,0.00
NH,Hampton,Condo,1/1/2019,273000 ,-0.01,7,8,0.60,33,107,1.01,0.04
NH,Hampton,Condo,2/1/2019,272000 ,0.07,5,10,-0.09,37,38,0.99,0.02
NH,Hampton,Condo,3/1/2019,272533 ,-0.22,7,16,0.45,41,65,0.97,0.00
NH,Hampton,Condo,4/1/2019,194900 ,-0.40,9,12,-0.08,42,60,0.98,0.00
NH,Hampton,Condo,5/1/2019,331950 ,0.56,10,14,0.75,38,45,0.98,0.00
NH,Hampton,Condo,6/1/2019,375000 ,0.18,12,28,1.80,53,53,0.97,0.02
NH,Hampton,Condo,7/1/2019,245000 ,0.09,9,15,0.67,56,42,0.99,0.03
NH,Hampton,Condo,8/1/2019,292450 ,0.23,12,13,0.30,59,37,1.00,0.09
NH,Hampton,Condo,9/1/2019,252467 ,0.18,8,19,0.73,61,62,0.98,0.00
NH,Hampton,Condo,10/1/2019,289917 ,0.23,10,12,-0.14,64,61,1.00,0.02
NH,Hampton,Condo,11/1/2019,285267 ,-0.15,12,10,4.00,62,51,0.97,-0.01
NH,Hampton,Condo,12/1/2019,280000 ,0.12,8,3,-0.50,58,82,0.97,0.00
NH,Hampton,Condo,1/1/2020,131450 ,-0.52,6,3,-0.63,47,115,0.95,-0.05
NH,Hampton,Condo,2/1/2020,205000 ,-0.25,7,4,-0.60,40,63,0.96,-0.04
NH,Hampton,Condo,3/1/2020,294533 ,0.08,9,15,-0.06,51,143,0.97,0.00
NH,Hampton,Condo,4/1/2020,200000 ,0.03,3,6,-0.50,50,39,1.04,0.05
NH,Hampton,Condo,5/1/2020,375000 ,0.13,13,11,-0.21,41,38,0.98,0.00
NH,Hampton,Condo,6/1/2020,179933 ,-0.52,3,13,-0.54,40,74,0.96,-0.01
NH,Hampton,Condo,7/1/2020,155000 ,-0.37,5,17,0.13,48,85,0.96,-0.03
NH,Hampton,Condo,8/1/2020,355000 ,0.21,9,13,0.00,50,42,0.98,-0.02
NH,Hampton,Condo,9/1/2020,358000 ,0.42,15,12,-0.37,44,70,0.97,-0.01
NH,Hampton,Condo,10/1/2020,160000 ,-0.45,15,13,0.08,35,45,0.98,-0.02
NH,Hampton,Condo,11/1/2020,300000 ,0.05,11,6,-0.40,32,82,0.98,0.01
NH,Hampton,Condo,12/1/2020,439900 ,0.57,31,5,0.67,23,151,1.00,0.03
NH,Hampton,Condo,1/1/2021,419900 ,2.19,15,6,1.00,18,110,0.98,0.03
NH,Hampton,Condo,2/1/2021,510999 ,1.49,7,7,0.75,19,47,1.00,0.04
NH,Hampton,Condo,3/1/2021,330000 ,0.12,5,13,-0.13,13,10,1.00,0.03
NH,Hampton,Condo,4/1/2021,200000 ,0.00,8,7,0.17,13,15,0.99,-0.05
NH,Hampton,Condo,5/1/2021,237500 ,-0.37,8,21,0.91,25,3,1.02,0.04
NH,Hampton,Condo,6/1/2021,240000 ,0.33,12,13,0.00,29,6,1.00,0.04
NH,Hampton,Condo,7/1/2021,237500 ,0.53,6,7,-0.59,30,27,1.02,0.06
NH,Hampton,Condo,8/1/2021,353000 ,-0.01,6,10,-0.23,31,56,0.97,-0.01
NH,Hampton,Condo,9/1/2021,315000 ,-0.12,7,17,0.42,41,29,1.02,0.05
NH,Hampton,Condo,10/1/2021,313767 ,0.96,12,6,-0.54,26,29,1.00,0.02
NH,Hampton,Condo,11/1/2021,290000 ,-0.03,15,5,-0.17,21,41,0.98,0.00
NH,Hampton,Condo,12/1/2021,329133 ,-0.25,7,2,-0.60,16,45,0.99,-0.01
NH,Hampton,Condo,1/1/2022,774900 ,0.85,16,6,0.00,13,312,1.00,0.02
NH,Hampton,Condo,2/1/2022,694900 ,0.36,6,4,-0.43,10,256,1.01,0.02
NH,Hampton,Condo,3/1/2022,704900 ,1.14,11,13,0.00,6,61,1.02,0.02
NH,Hampton,Condo,4/1/2022,347000 ,0.74,5,8,0.14,9,7,1.08,0.09
NH,Hampton,Condo,5/1/2022,269933 ,0.14,9,14,-0.33,11,8,1.05,0.03
NH,Hampton,Condo,6/1/2022,422500 ,0.76,14,10,-0.23,10,7,1.06,0.06
NH,Hampton,Condo,7/1/2022,185000 ,-0.22,5,6,-0.14,11,4,1.05,0.02
NH,Hampton,Condo,8/1/2022,390000 ,0.10,7,5,-0.50,7,25,1.01,0.04
NH,Hampton,Condo,9/1/2022,492417 ,0.56,6,10,-0.41,10,16,1.00,-0.03
NH,Hampton,Condo,10/1/2022,397500 ,0.27,4,3,-0.50,10,28,0.99,-0.01
NH,Hampton,Condo,11/1/2022,212000 ,-0.27,4,2,-0.60,8,41,0.98,0.00
NH,Hampton,Condo,12/1/2022,424000 ,0.29,3,1,-0.50,7,11,1.00,0.00
NH,Hampton,Condo,1/1/2023,239933 ,-0.69,1,3,-0.50,6,31,1.00,0.00
NH,Hampton,Condo,2/1/2023,491000 ,-0.29,2,7,0.75,11,70,0.94,-0.07
NH,Hampton,Condo,3/1/2023,350000 ,-0.50,5,6,-0.54,7,54,0.97,-0.05
NH,Hampton,Condo,4/1/2023,460000 ,0.33,5,4,-0.50,6,6,1.05,-0.03
NH,Manchester,Condo,2/1/2018,156000 ,0.42,12,17,0.70,53,93,1.00,0.03
NH,Manchester,Condo,3/1/2018,127533 ,-0.11,13,24,0.09,59,69,1.00,0.00
NH,Manchester,Condo,4/1/2018,140950 ,0.44,22,27,0.04,56,60,0.99,0.01
NH,Manchester,Condo,5/1/2018,130799 ,0.10,25,25,-0.22,49,41,0.99,0.00
NH,Manchester,Condo,6/1/2018,135000 ,-0.09,33,27,-0.10,49,39,0.98,-0.03
NH,Manchester,Condo,7/1/2018,154000 ,-0.06,23,35,0.03,60,51,0.99,0.00
NH,Manchester,Condo,8/1/2018,142000 ,0.17,20,16,-0.57,52,39,1.00,0.01
NH,Manchester,Condo,9/1/2018,138000 ,-0.12,21,25,-0.07,50,53,0.98,0.00
NH,Manchester,Condo,10/1/2018,137000 ,0.12,27,31,0.11,51,48,0.98,0.01
NH,Manchester,Condo,11/1/2018,129500 ,0.10,16,6,-0.63,40,46,1.00,0.02
NH,Manchester,Condo,12/1/2018,115000 ,-0.09,15,17,0.06,41,49,0.98,-0.01
NH,Manchester,Condo,1/1/2019,139000 ,-0.01,9,14,0.27,43,72,0.95,-0.04
NH,Manchester,Condo,2/1/2019,125000 ,-0.20,19,20,0.18,37,50,0.95,-0.05
NH,Manchester,Condo,3/1/2019,141533 ,0.11,15,26,0.08,31,38,0.99,-0.01
NH,Manchester,Condo,4/1/2019,130000 ,-0.08,23,32,0.19,39,45,0.97,-0.03
NH,Manchester,Condo,5/1/2019,142000 ,0.09,31,27,0.08,38,31,0.99,0.00
NH,Manchester,Condo,6/1/2019,139000 ,0.03,30,25,-0.07,40,16,1.00,0.02
NH,Manchester,Condo,7/1/2019,150500 ,-0.02,20,18,-0.49,31,28,1.00,0.00
NH,Manchester,Condo,8/1/2019,168767 ,0.19,20,24,0.50,37,41,0.99,0.00
NH,Manchester,Condo,9/1/2019,138533 ,0.00,25,21,-0.16,32,33,0.98,0.00
NH,Manchester,Condo,10/1/2019,115467 ,-0.16,24,27,-0.13,29,34,0.97,-0.01
NH,Manchester,Condo,11/1/2019,128233 ,-0.01,20,15,1.50,23,22,0.99,-0.01
NH,Manchester,Condo,12/1/2019,134967 ,0.17,20,19,0.12,25,39,0.99,0.02
NH,Manchester,Condo,1/1/2020,151000 ,0.09,14,15,0.07,28,36,1.00,0.05
NH,Manchester,Condo,2/1/2020,147533 ,0.18,15,17,-0.15,27,36,1.00,0.04
NH,Manchester,Condo,3/1/2020,155000 ,0.10,16,18,-0.31,27,60,0.98,0.00
NH,Manchester,Condo,4/1/2020,130000 ,0.00,9,17,-0.47,34,8,0.99,0.03
NH,Manchester,Condo,5/1/2020,119000 ,-0.16,13,15,-0.44,31,42,0.98,0.00
NH,Manchester,Condo,6/1/2020,122000 ,-0.12,19,19,-0.24,26,58,1.00,0.00
NH,Manchester,Condo,7/1/2020,133000 ,-0.12,21,28,0.56,32,35,1.00,0.00
NH,Manchester,Condo,8/1/2020,147000 ,-0.13,24,31,0.29,34,34,1.00,0.01
NH,Manchester,Condo,9/1/2020,142200 ,0.03,26,25,0.19,23,33,1.00,0.02
NH,Manchester,Condo,10/1/2020,157500 ,0.36,24,27,0.00,26,6,1.01,0.04
NH,Manchester,Condo,11/1/2020,155000 ,0.21,21,29,0.93,31,14,0.99,0.00
NH,Manchester,Condo,12/1/2020,155000 ,0.15,30,9,-0.53,14,32,1.00,0.00
NH,Manchester,Condo,1/1/2021,140000 ,-0.07,21,24,0.60,15,18,1.00,0.00
NH,Manchester,Condo,2/1/2021,157600 ,0.07,19,22,0.29,18,10,1.00,0.01
NH,Manchester,Condo,3/1/2021,169000 ,0.09,18,19,0.06,16,5,1.03,0.05
NH,Manchester,Condo,4/1/2021,155000 ,0.19,25,29,0.71,22,17,1.03,0.04
NH,Manchester,Condo,5/1/2021,170000 ,0.43,25,22,0.47,15,7,1.01,0.02
NH,Manchester,Condo,6/1/2021,170000 ,0.39,28,32,0.68,20,7,1.04,0.04
NH,Manchester,Condo,7/1/2021,178500 ,0.34,26,36,0.29,29,8,1.05,0.05
NH,Manchester,Condo,8/1/2021,166000 ,0.13,27,28,-0.10,28,9,1.03,0.03
NH,Manchester,Condo,9/1/2021,197467 ,0.39,26,23,-0.08,23,23,1.02,0.01
NH,Manchester,Condo,10/1/2021,200000 ,0.27,25,27,0.00,24,14,1.03,0.02
NH,Manchester,Condo,11/1/2021,169000 ,0.09,23,26,-0.10,21,15,1.01,0.02
NH,Manchester,Condo,12/1/2021,190000 ,0.23,29,14,0.56,17,11,1.02,0.02
NH,Manchester,Condo,1/1/2022,177500 ,0.27,20,17,-0.29,11,22,1.04,0.04
NH,Manchester,Condo,2/1/2022,197500 ,0.25,12,17,-0.23,8,18,1.04,0.03
NH,Manchester,Condo,3/1/2022,219200 ,0.30,24,22,0.16,17,6,1.04,0.00
NH,Manchester,Condo,4/1/2022,182500 ,0.18,16,27,-0.07,19,31,1.06,0.03
NH,Manchester,Condo,5/1/2022,200000 ,0.18,25,34,0.55,21,7,1.05,0.04
NH,Manchester,Condo,6/1/2022,210000 ,0.24,25,28,-0.13,22,7,1.07,0.03
NH,Manchester,Condo,7/1/2022,250000 ,0.40,23,28,-0.22,25,10,1.04,-0.01
NH,Manchester,Condo,8/1/2022,210000 ,0.27,33,35,0.25,34,8,1.04,0.01
NH,Manchester,Condo,9/1/2022,205000 ,0.04,33,38,0.65,34,11,1.02,0.01
NH,Manchester,Condo,10/1/2022,229000 ,0.15,28,22,-0.19,22,19,1.01,-0.02
NH,Manchester,Condo,11/1/2022,166500 ,-0.01,18,17,-0.35,19,6,1.03,0.02
NH,Manchester,Condo,12/1/2022,220000 ,0.16,17,13,-0.07,15,24,1.02,0.00
NH,Manchester,Condo,1/1/2023,189500 ,0.07,16,10,-0.41,9,30,1.00,-0.04
NH,Manchester,Condo,2/1/2023,215000 ,0.09,7,10,-0.41,10,33,1.02,-0.01
NH,Manchester,Condo,3/1/2023,220000 ,0.00,15,19,-0.14,13,17,1.01,-0.03
NH,Manchester,Condo,4/1/2023,230000 ,0.26,16,9,-0.67,12,8,1.04,-0.02
NH,Portsmouth,Condo,2/1/2018,334767 ,-0.13,10,18,1.25,47,31,0.99,0.02
NH,Portsmouth,Condo,3/1/2018,398750 ,-0.16,10,17,1.83,46,60,0.99,0.01
NH,Portsmouth,Condo,4/1/2018,466533 ,-0.29,17,22,0.10,48,47,0.98,0.02
NH,Portsmouth,Condo,5/1/2018,378467 ,-0.03,8,20,0.67,55,52,0.99,0.01
NH,Portsmouth,Condo,6/1/2018,480000 ,0.31,17,16,0.23,57,74,0.99,0.01
NH,Portsmouth,Condo,7/1/2018,655620 ,0.25,11,13,0.18,51,66,0.97,-0.03
NH,Portsmouth,Condo,8/1/2018,539950 ,0.42,12,9,0.13,45,50,1.01,0.06
NH,Portsmouth,Condo,9/1/2018,454900 ,0.48,19,9,-0.36,40,56,0.99,0.02
NH,Portsmouth,Condo,10/1/2018,585875 ,0.24,12,13,-0.24,45,88,1.01,0.03
NH,Portsmouth,Condo,11/1/2018,604495 ,0.39,9,20,0.54,50,70,0.99,0.02
NH,Portsmouth,Condo,12/1/2018,270500 ,-0.39,4,7,0.40,41,45,0.99,0.02
NH,Portsmouth,Condo,1/1/2019,179000 ,-0.80,1,14,-0.26,44,60,0.97,0.00
NH,Portsmouth,Condo,2/1/2019,629900 ,0.88,7,8,-0.56,43,48,0.98,-0.01
NH,Portsmouth,Condo,3/1/2019,495000 ,0.24,5,20,0.18,55,66,0.97,-0.01
NH,Portsmouth,Condo,4/1/2019,469500 ,0.01,12,16,-0.27,51,45,0.99,0.01
NH,Portsmouth,Condo,5/1/2019,418000 ,0.10,13,15,-0.25,44,61,0.99,-0.01
NH,Portsmouth,Condo,6/1/2019,505000 ,0.05,13,11,-0.31,41,65,0.99,0.00
NH,Portsmouth,Condo,7/1/2019,346233 ,-0.47,10,9,-0.31,38,66,0.99,0.02
NH,Portsmouth,Condo,8/1/2019,470000 ,-0.13,14,16,0.78,45,56,1.00,-0.02
NH,Portsmouth,Condo,9/1/2019,469000 ,0.03,13,15,0.67,45,33,0.99,0.00
NH,Portsmouth,Condo,10/1/2019,444450 ,-0.24,14,13,0.00,42,53,0.99,-0.01
NH,Portsmouth,Condo,11/1/2019,452158 ,-0.25,14,9,-0.55,35,73,0.98,-0.01
NH,Portsmouth,Condo,12/1/2019,454900 ,0.68,9,4,-0.43,29,66,0.99,0.00
NH,Portsmouth,Condo,1/1/2020,582450 ,2.25,8,9,-0.36,30,152,1.00,0.03
NH,Portsmouth,Condo,2/1/2020,729750 ,0.16,3,20,1.50,42,76,0.97,-0.01
NH,Portsmouth,Condo,3/1/2020,412500 ,-0.17,10,21,0.05,43,56,0.98,0.00
NH,Portsmouth,Condo,4/1/2020,570000 ,0.21,7,11,-0.31,45,35,0.98,0.00
NH,Portsmouth,Condo,5/1/2020,373750 ,-0.11,4,14,-0.07,53,32,1.00,0.01
NH,Portsmouth,Condo,6/1/2020,599000 ,0.19,7,14,0.27,58,91,1.00,0.01
NH,Portsmouth,Condo,7/1/2020,465000 ,0.34,11,27,2.00,57,125,0.99,0.00
NH,Portsmouth,Condo,8/1/2020,482500 ,0.03,18,33,1.06,66,69,0.98,-0.01
NH,Portsmouth,Condo,9/1/2020,509000 ,0.09,21,22,0.47,63,88,0.98,-0.01
NH,Portsmouth,Condo,10/1/2020,419500 ,-0.06,12,19,0.46,63,25,1.01,0.02
NH,Portsmouth,Condo,11/1/2020,440000 ,-0.03,12,17,0.89,65,63,0.94,-0.03
NH,Portsmouth,Condo,12/1/2020,592892 ,0.30,15,9,1.25,46,66,0.99,-0.01
NH,Portsmouth,Condo,1/1/2021,424005 ,-0.27,6,15,0.67,50,49,0.98,-0.01
NH,Portsmouth,Condo,2/1/2021,510000 ,-0.30,11,10,-0.50,46,46,0.97,0.00
NH,Portsmouth,Condo,3/1/2021,305000 ,-0.26,11,33,0.57,62,14,0.99,0.02
NH,Portsmouth,Condo,4/1/2021,658500 ,0.16,8,15,0.36,59,42,0.98,-0.01
NH,Portsmouth,Condo,5/1/2021,489123 ,0.31,16,13,-0.07,50,40,1.00,0.00
NH,Portsmouth,Condo,6/1/2021,500000 ,-0.17,19,13,-0.07,47,64,0.99,-0.01
NH,Portsmouth,Condo,7/1/2021,603625 ,0.30,12,14,-0.48,52,38,1.01,0.02
NH,Portsmouth,Condo,8/1/2021,592000 ,0.23,17,12,-0.64,36,47,0.99,0.00
NH,Portsmouth,Condo,9/1/2021,575000 ,0.13,5,21,-0.05,44,56,1.02,0.04
NH,Portsmouth,Condo,10/1/2021,681000 ,0.62,16,6,-0.68,30,71,1.01,0.00
NH,Portsmouth,Condo,11/1/2021,617500 ,0.40,18,5,-0.71,21,66,0.97,0.02
NH,Portsmouth,Condo,12/1/2021,550000 ,-0.07,11,6,-0.33,16,81,1.00,0.02
NH,Portsmouth,Condo,1/1/2022,665000 ,0.57,7,4,-0.73,11,48,1.00,0.01
NH,Portsmouth,Condo,2/1/2022,851500 ,0.67,2,3,-0.70,11,49,1.01,0.04
NH,Portsmouth,Condo,3/1/2022,859000 ,1.82,9,15,-0.55,15,154,1.01,0.02
NH,Portsmouth,Condo,4/1/2022,625000 ,-0.05,11,5,-0.67,9,24,1.06,0.08
NH,Portsmouth,Condo,5/1/2022,665000 ,0.36,13,14,0.08,11,27,1.02,0.02
NH,Portsmouth,Condo,6/1/2022,562500 ,0.13,10,13,0.00,17,28,1.03,0.04
NH,Portsmouth,Condo,7/1/2022,632500 ,0.05,12,13,-0.07,19,55,1.00,-0.01
NH,Portsmouth,Condo,8/1/2022,366267 ,-0.38,10,9,-0.25,18,16,1.03,0.04
NH,Portsmouth,Condo,9/1/2022,1115000 ,0.94,12,12,-0.43,17,36,1.01,-0.01
NH,Portsmouth,Condo,10/1/2022,1055000 ,0.55,7,18,2.00,27,304,1.03,0.02
NH,Portsmouth,Condo,11/1/2022,595000 ,-0.04,7,4,-0.20,24,10,1.00,0.03
NH,Portsmouth,Condo,12/1/2022,1162500 ,1.11,4,8,0.33,23,60,0.96,-0.04
NH,Portsmouth,Condo,1/1/2023,517000 ,-0.22,4,4,0.00,23,55,0.97,-0.03
NH,Portsmouth,Condo,2/1/2023,335000 ,-0.61,4,6,1.00,25,30,0.99,-0.02
NH,Portsmouth,Condo,3/1/2023,689900 ,-0.20,9,10,-0.33,19,118,1.00,-0.01
NH,Portsmouth,Condo,4/1/2023,644950 ,0.03,12,7,0.40,20,27,1.01,-0.05
NH,Salem,Condo,2/1/2018,105000 ,-0.60,5,9,0.80,11,55,0.99,0.02
NH,Salem,Condo,3/1/2018,120000 ,-0.72,7,2,0.00,8,36,0.97,-0.12
NH,Salem,Condo,4/1/2018,195700 ,-0.34,2,8,1.00,10,54,0.99,-0.01
NH,Salem,Condo,5/1/2018,148817 ,-0.39,10,3,-0.25,5,44,1.01,0.03
NH,Salem,Condo,6/1/2018,195000 ,-0.40,5,10,1.50,13,170,1.00,0.04
NH,Salem,Condo,7/1/2018,139900 ,-0.42,5,2,-0.60,12,3,0.98,-0.03
NH,Salem,Condo,8/1/2018,290000 ,0.50,5,4,0.33,8,66,0.99,0.04
NH,Salem,Condo,9/1/2018,217467 ,-0.36,6,13,1.17,16,61,0.98,-0.07
NH,Salem,Condo,10/1/2018,145000 ,-0.24,7,5,-0.29,14,46,1.00,0.03
NH,Salem,Condo,11/1/2018,290000 ,0.12,8,9,-0.10,14,34,0.98,-0.01
NH,Salem,Condo,1/1/2019,397313 ,1.27,6,3,0.50,11,38,0.99,0.06
NH,Salem,Condo,2/1/2019,235000 ,1.24,7,12,0.33,17,15,0.98,-0.01
NH,Salem,Condo,3/1/2019,473467 ,2.95,6,3,0.50,16,19,0.99,0.02
NH,Salem,Condo,4/1/2019,325900 ,0.67,8,11,0.38,15,9,0.99,0.00
NH,Salem,Condo,5/1/2019,321233 ,1.16,10,9,2.00,14,8,1.00,-0.01
NH,Salem,Condo,6/1/2019,498444 ,1.56,10,22,1.20,24,31,0.99,-0.01
NH,Salem,Condo,7/1/2019,329500 ,1.36,10,10,4.00,15,12,0.99,0.01
NH,Salem,Condo,8/1/2019,372000 ,0.28,16,14,2.50,18,23,0.99,0.00
NH,Salem,Condo,9/1/2019,330596 ,0.52,6,9,-0.31,20,6,1.01,0.03
NH,Salem,Condo,10/1/2019,293000 ,1.02,14,16,2.20,17,19,0.99,-0.01
NH,Salem,Condo,11/1/2019,318000 ,0.10,9,13,0.44,19,52,0.99,0.01
NH,Salem,Condo,12/1/2019,332450 ,0.10,10,9,0.44,17,10,0.99,0.01
NH,Salem,Condo,1/1/2020,175000 ,-0.56,9,10,2.33,16,27,0.94,-0.05
NH,Salem,Condo,2/1/2020,445324 ,0.89,7,9,-0.25,16,43,1.00,0.01
NH,Salem,Condo,3/1/2020,311450 ,-0.34,4,5,0.67,21,23,0.97,-0.02
NH,Salem,Condo,4/1/2020,226500 ,-0.31,4,6,-0.45,22,55,0.98,-0.02
NH,Salem,Condo,5/1/2020,180450 ,-0.44,4,5,-0.44,17,15,1.05,0.05
NH,Salem,Condo,6/1/2020,226533 ,-0.55,5,8,-0.64,17,30,0.98,-0.01
NH,Salem,Condo,7/1/2020,274500 ,-0.17,16,14,0.40,15,16,1.01,0.02
NH,Salem,Condo,8/1/2020,364950 ,-0.02,8,7,-0.50,14,99,0.99,0.00
NH,Salem,Condo,9/1/2020,153000 ,-0.54,3,5,-0.44,10,5,1.02,0.01
NH,Salem,Condo,10/1/2020,151500 ,-0.48,10,9,-0.44,14,13,1.00,0.01
NH,Salem,Condo,11/1/2020,502900 ,0.58,5,5,-0.62,10,4,1.01,0.02
NH,Salem,Condo,12/1/2020,292467 ,-0.12,6,3,-0.67,8,57,1.00,0.01
NH,Salem,Condo,1/1/2021,419950 ,1.40,4,5,-0.50,9,104,0.93,-0.01
NH,Salem,Condo,2/1/2021,340000 ,-0.24,5,4,-0.56,7,6,1.01,0.02
NH,Salem,Condo,3/1/2021,168000 ,-0.46,5,14,1.80,12,6,1.01,0.04
NH,Salem,Condo,4/1/2021,320000 ,0.41,9,6,0.00,7,4,1.06,0.08
NH,Salem,Condo,5/1/2021,241000 ,0.34,6,5,0.00,7,7,1.02,-0.03
NH,Salem,Condo,6/1/2021,285000 ,0.26,5,15,0.88,9,6,1.01,0.03
NH,Salem,Condo,7/1/2021,177500 ,-0.35,7,8,-0.43,12,5,1.04,0.03
NH,Salem,Condo,8/1/2021,200000 ,-0.45,5,5,-0.29,7,12,1.06,0.06
NH,Salem,Condo,9/1/2021,193000 ,0.26,15,7,0.40,4,27,1.01,-0.01
NH,Salem,Condo,10/1/2021,357733 ,1.36,9,5,-0.44,6,9,1.01,0.01
NH,Salem,Condo,11/1/2021,305000 ,-0.39,5,7,0.40,8,23,1.00,-0.01
NH,Salem,Condo,12/1/2021,323000 ,0.10,7,3,0.00,5,41,1.00,0.00
NH,Salem,Condo,1/1/2022,300000 ,-0.29,3,3,-0.40,3,41,1.04,0.11
NH,Salem,Condo,2/1/2022,480000 ,0.41,6,13,2.25,12,47,1.01,0.00
NH,Salem,Condo,3/1/2022,373000 ,1.22,3,8,-0.43,8,16,1.03,0.02
NH,Salem,Condo,4/1/2022,216000 ,-0.33,11,11,0.83,5,7,1.05,0.00
NH,Salem,Condo,5/1/2022,344000 ,0.43,9,7,0.40,7,4,1.05,0.03
NH,Salem,Condo,6/1/2022,385000 ,0.35,7,5,-0.67,4,9,1.05,0.04
NH,Salem,Condo,7/1/2022,380000 ,1.14,7,2,-0.75,4,6,1.06,0.02
NH,Salem,Condo,8/1/2022,312500 ,0.56,4,9,0.80,6,5,1.05,0.00
NH,Salem,Condo,9/1/2022,304950 ,0.58,6,3,-0.57,5,20,1.01,0.00
NH,Salem,Condo,10/1/2022,570000 ,0.59,3,5,0.00,5,14,1.00,-0.01
NH,Salem,Condo,11/1/2022,457533 ,0.50,5,5,-0.29,8,26,0.97,-0.03
NH,Salem,Condo,12/1/2022,362500 ,0.12,4,1,-0.67,3,39,1.01,0.01
NH,Salem,Condo,1/1/2023,385000 ,0.28,5,2,-0.33,1,44,1.00,-0.05
NH,Salem,Condo,2/1/2023,272500 ,-0.43,2,7,-0.46,1,69,0.99,-0.02
NH,Salem,Condo,3/1/2023,227000 ,-0.39,10,3,-0.63,1,4,1.03,0.00
NH,Salem,Condo,4/1/2023,426550 ,0.97,2,6,-0.45,5,63,1.07,0.01
NH,Dover,Multi-unit,2/1/2018,317000 ,0.67,1,4,0.33,6,27,1.02,0.03
NH,Dover,Multi-unit,3/1/2018,348000 ,0.88,4,5,1.50,7,39,0.98,-0.11
NH,Dover,Multi-unit,4/1/2018,294000 ,0.92,3,5,1.50,8,136,1.03,0.10
NH,Dover,Multi-unit,5/1/2018,348767 ,0.92,4,4,1.50,8,42,1.04,0.10
NH,Dover,Multi-unit,6/1/2018,312200 ,-0.03,5,4,-0.33,8,63,1.02,-0.03
NH,Dover,Multi-unit,7/1/2018,372500 ,0.25,2,3,0.00,9,42,0.91,-0.10
NH,Dover,Multi-unit,8/1/2018,370000 ,0.30,3,7,1.33,10,39,0.97,-0.01
NH,Dover,Multi-unit,9/1/2018,297500 ,0.77,2,1,-0.80,8,30,0.98,0.02
NH,Dover,Multi-unit,10/1/2018,340000 ,0.10,3,4,0.00,8,51,0.94,-0.03
NH,Dover,Multi-unit,11/1/2018,222000 ,-0.16,3,5,0.67,11,58,0.90,-0.16
NH,Dover,Multi-unit,12/1/2018,300000 ,-0.03,1,1,0.00,10,41,1.03,0.05
NH,Dover,Multi-unit,1/1/2019,295000 ,0.07,2,1,-0.50,8,75,0.98,0.00
NH,Dover,Multi-unit,3/1/2019,335250 ,-0.04,4,4,-0.20,7,85,0.95,-0.03
NH,Dover,Multi-unit,4/1/2019,420000 ,0.43,3,4,-0.20,9,70,1.00,-0.03
NH,Dover,Multi-unit,5/1/2019,410000 ,0.18,3,8,1.00,13,168,0.96,-0.07
NH,Dover,Multi-unit,6/1/2019,312533 ,0.00,1,3,-0.25,11,3,1.08,0.06
NH,Dover,Multi-unit,7/1/2019,288000 ,-0.23,3,4,0.33,11,55,0.97,0.06
NH,Dover,Multi-unit,8/1/2019,420000 ,0.14,3,4,-0.43,11,30,0.99,0.03
NH,Dover,Multi-unit,9/1/2019,346533 ,0.16,5,2,1.00,9,90,0.93,-0.04
NH,Dover,Multi-unit,10/1/2019,449000 ,0.32,7,4,0.00,6,57,0.99,0.05
NH,Dover,Multi-unit,11/1/2019,300000 ,0.35,3,2,-0.60,4,140,0.90,0.00
NH,Dover,Multi-unit,12/1/2019,284267 ,-0.05,2,2,1.00,5,42,0.97,-0.06
NH,Dover,Multi-unit,1/1/2020,492000 ,0.67,2,2,1.00,6,44,0.99,0.01
NH,Dover,Multi-unit,2/1/2020,320000 ,0.67,2,2,1.00,5,154,0.82,0.01
NH,Dover,Multi-unit,4/1/2020,340000 ,-0.19,3,5,0.25,9,18,1.01,0.01
NH,Dover,Multi-unit,5/1/2020,375000 ,-0.09,5,2,-0.75,6,59,0.99,0.03
NH,Dover,Multi-unit,6/1/2020,477500 ,0.53,2,4,0.33,6,11,1.00,-0.08
NH,Dover,Multi-unit,7/1/2020,337500 ,0.17,2,14,2.50,17,96,1.02,0.04
NH,Dover,Multi-unit,8/1/2020,385000 ,-0.08,7,6,0.50,15,48,0.99,0.00
NH,Dover,Multi-unit,9/1/2020,435000 ,0.26,5,3,0.50,13,48,1.00,0.07
NH,Dover,Multi-unit,10/1/2020,433267 ,-0.04,4,8,1.00,15,42,0.94,-0.05
NH,Dover,Multi-unit,11/1/2020,400000 ,0.33,9,2,0.00,9,59,0.99,0.08
NH,Dover,Multi-unit,12/1/2020,443000 ,0.56,5,1,-0.50,7,8,1.01,0.04
NH,Dover,Multi-unit,1/1/2021,360000 ,-0.27,5,4,1.00,6,79,0.94,-0.06
NH,Dover,Multi-unit,2/1/2021,350000 ,0.09,1,1,-0.50,5,44,1.03,0.21
NH,Dover,Multi-unit,3/1/2021,392000 ,0.09,5,7,-0.50,8,58,0.99,0.21
NH,Dover,Multi-unit,4/1/2021,229900 ,-0.32,1,8,0.60,13,5,1.05,0.03
NH,Dover,Multi-unit,5/1/2021,375000 ,0.00,3,4,1.00,13,47,0.98,-0.01
NH,Dover,Multi-unit,6/1/2021,397467 ,-0.17,4,7,0.75,16,8,1.00,0.00
NH,Dover,Multi-unit,7/1/2021,385500 ,0.14,6,4,-0.71,15,71,0.98,-0.03
NH,Dover,Multi-unit,8/1/2021,393900 ,0.02,5,2,-0.67,11,78,0.97,-0.01
NH,Dover,Multi-unit,9/1/2021,387500 ,-0.11,6,4,0.33,8,61,0.99,-0.01
NH,Dover,Multi-unit,10/1/2021,472000 ,0.09,2,2,-0.75,5,49,0.96,0.02
NH,Dover,Multi-unit,11/1/2021,328500 ,-0.18,2,2,0.00,4,137,0.93,-0.06
NH,Dover,Multi-unit,12/1/2021,435000 ,-0.02,3,2,1.00,2,30,1.00,-0.01
NH,Dover,Multi-unit,1/1/2022,391250 ,0.09,8,1,-0.75,2,40,1.03,0.09
NH,Dover,Multi-unit,3/1/2022,558000 ,0.42,4,3,-0.57,2,7,1.05,0.07
NH,Dover,Multi-unit,4/1/2022,460933 ,1.00,3,4,-0.50,4,5,1.08,0.04
NH,Dover,Multi-unit,5/1/2022,455000 ,0.21,1,2,-0.50,4,6,1.07,0.09
NH,Dover,Multi-unit,6/1/2022,480000 ,0.21,3,5,-0.29,6,65,0.97,-0.03
NH,Dover,Multi-unit,7/1/2022,465000 ,0.21,4,5,0.25,8,42,1.01,0.02
NH,Dover,Multi-unit,8/1/2022,560000 ,0.42,1,4,1.00,11,4,0.98,0.01
NH,Dover,Multi-unit,9/1/2022,525000 ,0.35,3,4,0.00,11,31,1.01,0.01
NH,Dover,Multi-unit,10/1/2022,510000 ,0.08,3,3,0.50,10,69,0.98,0.02
NH,Dover,Multi-unit,11/1/2022,365000 ,0.11,2,1,-0.50,7,27,0.92,-0.01
NH,Dover,Multi-unit,12/1/2022,371000 ,-0.15,3,1,-0.50,5,53,0.93,-0.07
NH,Dover,Multi-unit,1/1/2023,450000 ,0.15,1,2,1.00,7,80,0.94,-0.09
NH,Dover,Multi-unit,2/1/2023,437500 ,0.15,2,1,1.00,5,130,1.00,-0.09
NH,Dover,Multi-unit,3/1/2023,457500 ,-0.18,2,3,0.00,6,154,0.98,-0.09
NH,Dover,Multi-unit,4/1/2023,437500 ,-0.05,4,2,-0.50,5,66,1.00,-0.09
NH,Hampton,Multi-unit,2/1/2018,714750 ,-0.05,1,1,-0.50,4,492,0.95,-0.09
NH,Hampton,Multi-unit,3/1/2018,452500 ,-0.05,1,3,-0.50,2,45,1.01,-0.09
NH,Hampton,Multi-unit,4/1/2018,229933 ,-0.05,1,3,-0.50,2,265,1.00,-0.09
NH,Hampton,Multi-unit,5/1/2018,430000 ,-0.05,1,3,-0.50,7,4,1.00,-0.09
NH,Hampton,Multi-unit,6/1/2018,380000 ,-0.05,4,3,-0.50,6,33,1.06,-0.09
NH,Hampton,Multi-unit,7/1/2018,449933 ,-0.05,1,3,-0.50,6,60,1.00,-0.09
NH,Hampton,Multi-unit,8/1/2018,425900 ,-0.05,1,3,-0.50,4,75,0.96,-0.09
NH,Hampton,Multi-unit,11/1/2018,280000 ,-0.05,1,3,-0.50,5,165,0.93,-0.09
NH,Hampton,Multi-unit,12/1/2018,275000 ,-0.05,1,3,-0.50,4,52,0.96,-0.09
NH,Hampton,Multi-unit,1/1/2019,324000 ,-0.05,1,3,-0.50,3,81,0.93,-0.09
NH,Hampton,Multi-unit,2/1/2019,390000 ,-0.45,1,3,0.00,4,34,1.20,-0.09
NH,Hampton,Multi-unit,4/1/2019,531000 ,1.31,1,3,0.00,3,8,0.99,-0.09
NH,Hampton,Multi-unit,5/1/2019,450000 ,0.05,2,3,0.00,2,199,0.98,-0.09
NH,Hampton,Multi-unit,8/1/2019,405000 ,-0.05,1,3,0.00,3,15,1.01,-0.09
NH,Hampton,Multi-unit,9/1/2019,397350 ,-0.05,2,3,0.00,3,62,0.98,-0.09
NH,Hampton,Multi-unit,1/1/2020,115000 ,-0.05,1,3,0.00,3,242,0.74,-0.09
NH,Hampton,Multi-unit,2/1/2020,475000 ,-0.05,1,3,0.00,3,242,1.00,-0.09
NH,Hampton,Multi-unit,5/1/2020,496000 ,-0.05,2,3,0.00,2,143,0.92,-0.09
NH,Hampton,Multi-unit,6/1/2020,470000 ,-0.05,1,3,0.00,2,10,0.94,-0.09
NH,Hampton,Multi-unit,7/1/2020,431000 ,-0.05,1,3,0.00,4,3,1.20,-0.09
NH,Hampton,Multi-unit,8/1/2020,525000 ,-0.05,1,3,0.00,2,10,0.93,-0.09
NH,Hampton,Multi-unit,10/1/2020,399000 ,-0.05,1,3,0.00,3,39,1.02,-0.09
NH,Hampton,Multi-unit,11/1/2020,530000 ,-0.05,2,3,0.00,1,99,0.99,-0.09
NH,Hampton,Multi-unit,12/1/2020,430000 ,-0.05,1,3,0.00,1,58,0.92,-0.09
NH,Hampton,Multi-unit,3/1/2021,547500 ,-0.05,2,3,0.00,1,28,0.99,-0.09
NH,Hampton,Multi-unit,6/1/2021,615000 ,-0.05,1,3,0.00,1,91,1.03,-0.09
NH,Hampton,Multi-unit,7/1/2021,640000 ,-0.05,1,3,0.00,1,34,1.07,-0.09
NH,Hampton,Multi-unit,9/1/2021,595000 ,-0.05,1,3,0.00,2,11,0.93,-0.09
NH,Hampton,Multi-unit,11/1/2021,304000 ,-0.05,1,3,0.00,3,60,0.98,-0.09
NH,Hampton,Multi-unit,12/1/2021,570713 ,-0.05,2,3,0.00,1,31,1.03,-0.09
NH,Hampton,Multi-unit,5/1/2022,562500 ,-0.05,2,3,0.00,3,127,1.12,-0.09
NH,Hampton,Multi-unit,6/1/2022,360000 ,-0.05,1,3,0.00,3,70,1.06,-0.09
NH,Hampton,Multi-unit,10/1/2022,869000 ,-0.05,1,3,0.00,1,70,1.00,-0.09
NH,Hampton,Multi-unit,11/1/2022,733500 ,-0.05,2,3,0.00,1,70,0.95,-0.09
NH,Hampton,Multi-unit,12/1/2022,1099999 ,-0.05,1,3,0.00,2,70,1.00,-0.09
NH,Hampton,Multi-unit,1/1/2023,450000 ,-0.05,1,3,0.00,2,56,0.90,-0.09
NH,Hampton,Multi-unit,4/1/2023,866533 ,-0.05,1,3,0.00,1,85,0.91,-0.09
NH,Manchester,Multi-unit,2/1/2018,252800 ,0.05,13,22,0.00,40,59,0.97,-0.02
NH,Manchester,Multi-unit,3/1/2018,257733 ,0.23,17,35,0.06,51,48,0.99,0.01
NH,Manchester,Multi-unit,4/1/2018,260500 ,0.24,20,31,0.55,47,32,1.00,-0.02
NH,Manchester,Multi-unit,5/1/2018,282000 ,0.06,19,50,0.92,78,13,1.00,0.01
NH,Manchester,Multi-unit,6/1/2018,262500 ,-0.02,26,42,0.40,88,43,0.99,-0.01
NH,Manchester,Multi-unit,7/1/2018,265000 ,0.20,34,34,0.48,84,49,1.00,0.00
NH,Manchester,Multi-unit,8/1/2018,280000 ,0.12,31,23,-0.28,70,55,0.98,-0.01
NH,Manchester,Multi-unit,9/1/2018,272000 ,0.17,32,19,-0.30,59,55,1.01,0.02
NH,Manchester,Multi-unit,10/1/2018,267500 ,0.09,16,24,-0.37,63,67,0.97,-0.03
NH,Manchester,Multi-unit,11/1/2018,295000 ,0.18,17,19,0.00,57,58,1.00,0.02
NH,Manchester,Multi-unit,12/1/2018,276000 ,0.08,18,15,1.14,53,80,0.97,-0.02
NH,Manchester,Multi-unit,1/1/2019,295250 ,0.04,14,18,0.29,51,46,0.99,0.00
NH,Manchester,Multi-unit,2/1/2019,265000 ,0.05,15,12,-0.45,45,65,0.98,0.00
NH,Manchester,Multi-unit,3/1/2019,297933 ,0.16,19,14,-0.60,37,53,1.03,0.04
NH,Manchester,Multi-unit,4/1/2019,271000 ,0.04,19,31,0.00,38,100,0.99,-0.01
NH,Manchester,Multi-unit,5/1/2019,279967 ,-0.01,30,33,-0.34,41,26,1.00,0.00
NH,Manchester,Multi-unit,6/1/2019,291300 ,0.11,24,30,-0.29,46,33,1.01,0.02
NH,Manchester,Multi-unit,7/1/2019,304933 ,0.15,19,23,-0.32,40,38,1.01,0.01
NH,Manchester,Multi-unit,8/1/2019,307000 ,0.10,17,28,0.22,48,21,1.01,0.03
NH,Manchester,Multi-unit,9/1/2019,284950 ,0.05,22,24,0.26,47,26,0.99,-0.02
NH,Manchester,Multi-unit,10/1/2019,310017 ,0.16,26,22,-0.08,41,40,1.00,0.03
NH,Manchester,Multi-unit,11/1/2019,301500 ,0.02,20,17,-0.11,38,43,1.00,0.00
NH,Manchester,Multi-unit,12/1/2019,291550 ,0.06,18,10,-0.33,33,31,0.98,0.01
NH,Manchester,Multi-unit,1/1/2020,290200 ,-0.02,15,16,-0.11,27,51,0.99,0.00
NH,Manchester,Multi-unit,2/1/2020,232300 ,-0.12,10,12,0.00,22,129,0.97,0.00
NH,Manchester,Multi-unit,3/1/2020,282800 ,-0.05,22,30,1.14,30,29,0.99,-0.04
NH,Manchester,Multi-unit,4/1/2020,331500 ,0.22,12,15,-0.52,34,8,1.00,0.01
NH,Manchester,Multi-unit,5/1/2020,305500 ,0.09,12,21,-0.36,36,13,1.04,0.05
NH,Manchester,Multi-unit,6/1/2020,302500 ,0.04,18,23,-0.23,35,44,1.00,-0.01
NH,Manchester,Multi-unit,7/1/2020,320000 ,0.05,22,32,0.39,39,25,1.01,0.00
NH,Manchester,Multi-unit,8/1/2020,335000 ,0.09,22,35,0.25,37,27,1.00,-0.01
NH,Manchester,Multi-unit,9/1/2020,330000 ,0.16,29,45,0.88,55,17,1.01,0.02
NH,Manchester,Multi-unit,10/1/2020,329000 ,0.06,29,35,0.59,52,22,1.02,0.02
NH,Manchester,Multi-unit,11/1/2020,330000 ,0.09,39,20,0.18,33,31,1.02,0.02
NH,Manchester,Multi-unit,12/1/2020,337500 ,0.16,40,14,0.40,28,27,1.01,0.02
NH,Manchester,Multi-unit,1/1/2021,349933 ,0.21,13,17,0.06,24,59,1.01,0.02
NH,Manchester,Multi-unit,2/1/2021,370000 ,0.59,15,22,0.83,26,26,1.01,0.03
NH,Manchester,Multi-unit,3/1/2021,405000 ,0.43,18,25,-0.17,28,19,1.02,0.03
NH,Manchester,Multi-unit,4/1/2021,370000 ,0.12,23,31,1.07,36,8,1.03,0.04
NH,Manchester,Multi-unit,5/1/2021,350000 ,0.15,20,29,0.38,33,45,1.02,-0.02
NH,Manchester,Multi-unit,6/1/2021,370000 ,0.22,36,49,1.13,45,11,1.02,0.02
NH,Manchester,Multi-unit,7/1/2021,410000 ,0.28,34,32,0.00,47,12,1.04,0.03
NH,Manchester,Multi-unit,8/1/2021,378000 ,0.13,29,30,-0.14,48,10,1.03,0.03
NH,Manchester,Multi-unit,9/1/2021,364000 ,0.10,27,25,-0.44,35,43,1.01,0.00
NH,Manchester,Multi-unit,10/1/2021,395000 ,0.20,22,17,-0.51,29,30,1.02,0.00
NH,Manchester,Multi-unit,11/1/2021,415000 ,0.26,27,23,0.15,28,20,1.03,0.01
NH,Manchester,Multi-unit,12/1/2021,350000 ,0.04,28,14,0.00,16,36,1.00,-0.01
NH,Manchester,Multi-unit,1/1/2022,412000 ,0.18,18,21,0.24,17,10,1.05,0.04
NH,Manchester,Multi-unit,2/1/2022,385000 ,0.04,15,13,-0.41,12,24,1.00,-0.01
NH,Manchester,Multi-unit,3/1/2022,445000 ,0.10,19,34,0.36,24,8,1.03,0.01
NH,Manchester,Multi-unit,4/1/2022,430000 ,0.16,21,22,-0.29,21,8,1.04,0.01
NH,Manchester,Multi-unit,5/1/2022,480000 ,0.37,19,32,0.10,30,7,1.04,0.02
NH,Manchester,Multi-unit,6/1/2022,455000 ,0.23,24,29,-0.41,37,13,1.02,0.01
NH,Manchester,Multi-unit,7/1/2022,450000 ,0.10,21,23,-0.28,43,12,1.01,-0.02
NH,Manchester,Multi-unit,8/1/2022,430000 ,0.14,17,16,-0.47,34,30,1.02,-0.01
NH,Manchester,Multi-unit,9/1/2022,455000 ,0.25,21,21,-0.16,33,53,0.98,-0.03
NH,Manchester,Multi-unit,10/1/2022,422500 ,0.07,30,10,-0.41,22,33,0.99,-0.02
NH,Manchester,Multi-unit,11/1/2022,386500 ,-0.07,11,13,-0.43,18,23,0.97,-0.05
NH,Manchester,Multi-unit,12/1/2022,442450 ,0.26,14,3,-0.79,14,23,0.99,-0.01
NH,Manchester,Multi-unit,1/1/2023,425000 ,0.03,8,7,-0.67,9,31,1.03,-0.02
NH,Manchester,Multi-unit,2/1/2023,412500 ,0.07,8,12,-0.08,11,20,1.01,0.01
NH,Manchester,Multi-unit,3/1/2023,416000 ,-0.07,9,7,-0.79,8,11,0.99,-0.04
NH,Manchester,Multi-unit,4/1/2023,450000 ,0.05,9,9,-0.59,11,7,1.02,-0.02
NH,Portsmouth,Multi-unit,2/1/2018,487500 ,0.05,1,9,-0.59,2,121,0.93,-0.02
NH,Portsmouth,Multi-unit,3/1/2018,764000 ,0.05,1,1,-0.59,1,121,1.00,-0.02
NH,Portsmouth,Multi-unit,6/1/2018,535000 ,0.05,1,2,-0.59,2,74,0.97,-0.02
NH,Portsmouth,Multi-unit,8/1/2018,675000 ,0.05,1,2,-0.59,2,14,0.96,-0.02
NH,Portsmouth,Multi-unit,9/1/2018,865000 ,0.05,2,1,-0.59,2,48,0.95,-0.02
NH,Portsmouth,Multi-unit,10/1/2018,539933 ,0.05,1,2,-0.59,2,158,0.96,-0.02
NH,Portsmouth,Multi-unit,12/1/2018,860000 ,0.05,2,2,-0.59,3,35,1.02,-0.02
NH,Portsmouth,Multi-unit,2/1/2019,565000 ,0.05,1,1,-0.59,2,66,0.95,-0.02
NH,Portsmouth,Multi-unit,3/1/2019,455000 ,0.05,1,1,-0.59,3,8,0.91,-0.02
NH,Portsmouth,Multi-unit,5/1/2019,440000 ,0.05,1,3,-0.59,6,36,1.00,-0.02
NH,Portsmouth,Multi-unit,8/1/2019,499000 ,0.05,1,1,-0.59,6,34,1.00,0.04
NH,Portsmouth,Multi-unit,10/1/2019,650000 ,0.05,1,2,0.00,6,73,0.84,-0.13
NH,Portsmouth,Multi-unit,12/1/2019,585000 ,0.05,3,1,-0.50,4,169,0.95,-0.07
NH,Portsmouth,Multi-unit,1/1/2020,750000 ,0.05,1,1,-0.50,4,60,0.98,-0.07
NH,Portsmouth,Multi-unit,3/1/2020,592500 ,0.05,2,6,-0.50,5,160,0.99,-0.07
NH,Portsmouth,Multi-unit,4/1/2020,755000 ,0.05,2,6,-0.50,4,49,0.98,-0.07
NH,Portsmouth,Multi-unit,6/1/2020,580000 ,0.05,1,2,-0.50,4,102,0.97,-0.07
NH,Portsmouth,Multi-unit,7/1/2020,562500 ,0.05,2,1,-0.50,5,7,0.99,-0.07
NH,Portsmouth,Multi-unit,8/1/2020,700000 ,0.05,1,2,-0.50,6,94,0.97,-0.07
NH,Portsmouth,Multi-unit,3/1/2021,1607500 ,0.05,2,1,-0.50,2,190,0.92,-0.07
NH,Portsmouth,Multi-unit,4/1/2021,860000 ,0.05,1,1,-0.50,2,217,0.98,-0.07
NH,Portsmouth,Multi-unit,5/1/2021,1547000 ,0.05,1,1,-0.50,2,221,0.97,-0.07
NH,Portsmouth,Multi-unit,6/1/2021,697500 ,0.05,2,1,-0.50,2,15,0.99,-0.07
NH,Portsmouth,Multi-unit,9/1/2021,675000 ,0.05,1,1,-0.50,3,1,1.00,-0.07
NH,Portsmouth,Multi-unit,11/1/2021,780000 ,0.05,3,2,-0.50,2,8,0.98,-0.07
NH,Portsmouth,Multi-unit,12/1/2021,999500 ,0.05,4,1,-0.50,2,73,0.98,-0.07
NH,Portsmouth,Multi-unit,1/1/2022,1000000 ,0.05,1,1,-0.50,1,27,1.00,-0.07
NH,Portsmouth,Multi-unit,3/1/2022,1400000 ,0.05,1,2,1.00,5,15,0.93,-0.07
NH,Portsmouth,Multi-unit,4/1/2022,850000 ,0.05,3,1,0.00,2,57,0.99,-0.07
NH,Portsmouth,Multi-unit,6/1/2022,820000 ,0.05,1,1,0.00,2,5,0.98,-0.07
NH,Portsmouth,Multi-unit,8/1/2022,1550000 ,0.05,1,1,0.00,3,42,0.97,-0.07
NH,Portsmouth,Multi-unit,9/1/2022,741500 ,0.05,2,3,2.00,4,4,1.01,-0.07
NH,Portsmouth,Multi-unit,11/1/2022,750000 ,0.05,2,1,-0.50,2,33,1.00,-0.07
NH,Portsmouth,Multi-unit,12/1/2022,780000 ,0.05,1,2,1.00,4,20,0.98,-0.07
NH,Portsmouth,Multi-unit,3/1/2023,545000 ,0.05,1,4,1.00,4,30,1.20,-0.07
NH,Portsmouth,Multi-unit,4/1/2023,1042000 ,0.05,3,1,0.00,3,41,0.97,-0.07
NH,Salem,Multi-unit,2/1/2018,350000 ,0.05,1,1,0.00,2,39,0.88,-0.07
NH,Salem,Multi-unit,4/1/2018,325000 ,0.05,1,1,0.00,1,46,0.99,-0.07
NH,Salem,Multi-unit,7/1/2018,429933 ,0.05,1,1,0.00,2,316,1.00,-0.07
NH,Salem,Multi-unit,8/1/2018,245000 ,0.05,1,2,0.00,4,24,0.89,-0.07
NH,Salem,Multi-unit,11/1/2018,507500 ,0.05,2,1,0.00,3,40,0.97,-0.07
NH,Salem,Multi-unit,12/1/2018,245000 ,0.05,1,1,0.00,3,157,0.94,-0.07
NH,Salem,Multi-unit,2/1/2019,465000 ,0.05,1,1,0.00,1,278,0.93,-0.07
NH,Salem,Multi-unit,3/1/2019,285000 ,0.05,1,1,0.00,1,123,1.02,-0.07
NH,Salem,Multi-unit,5/1/2019,414950 ,0.05,2,1,0.00,1,89,0.78,-0.07
NH,Salem,Multi-unit,9/1/2019,345000 ,0.05,1,1,0.00,1,26,0.96,-0.07
NH,Salem,Multi-unit,6/1/2020,459900 ,0.05,1,1,0.00,1,8,1.00,-0.07
NH,Salem,Multi-unit,10/1/2020,440000 ,0.05,1,1,0.00,1,7,1.00,-0.07
NH,Salem,Multi-unit,11/1/2020,930000 ,0.05,1,1,0.00,1,35,0.98,-0.07
NH,Salem,Multi-unit,4/1/2021,698500 ,0.05,1,1,0.00,1,379,0.98,-0.07
NH,Salem,Multi-unit,10/1/2021,465000 ,0.05,2,1,0.00,1,46,1.03,-0.07
NH,Salem,Multi-unit,11/1/2021,440000 ,0.05,1,1,0.00,1,149,1.01,-0.07
NH,Salem,Multi-unit,12/1/2021,482800 ,0.05,1,1,0.00,1,8,0.99,-0.07
NH,Salem,Multi-unit,3/1/2022,547000 ,0.05,1,1,0.00,1,13,1.04,-0.07
NH,Salem,Multi-unit,5/1/2022,551000 ,0.05,1,1,0.00,1,6,1.11,-0.07
NH,Salem,Multi-unit,6/1/2022,434967 ,0.05,2,1,0.00,2,4,1.04,-0.07
NH,Salem,Multi-unit,7/1/2022,555000 ,0.05,1,1,0.00,2,6,1.01,-0.07
NH,Salem,Multi-unit,8/1/2022,665000 ,0.05,1,1,0.00,2,13,1.06,-0.07
NH,Salem,Multi-unit,2/1/2023,515500 ,0.05,1,1,0.00,1,21,0.91,-0.07
NH,Salem,Multi-unit,3/1/2023,610000 ,0.12,1,1,0.00,1,6,1.11,0.07